Cyclone_Inlet_Gas_Temp,Cyclone_Material_Temp,Cyclone_Outlet_Gas_draft,Cyclone_cone_draft,Cyclone_Gas_Outlet_Temp,Cyclone_Inlet_Draft,day_number,anomaly
867.63,910.42,-189.54,-186.04,852.13,-145.9,6210,1
879.23,918.14,-184.33,-182.1,862.53,-149.76,6210,1
875.67,924.18,-181.26,-166.47,866.06,-145.01,6210,1
875.28,923.15,-179.15,-174.83,865.85,-142.82,6210,1
891.66,934.26,-178.32,-173.72,876.06,-143.39,6210,1
878.54,932.38,-188.37,-177.98,870.31,-146.92,6210,1
905.94,951.32,-184.2,-182.67,889.39,-151.83,6210,1
877.83,939.63,-184.2,-181.17,875.75,-149.7,6210,1
871.01,938.73,-184.2,-181.17,871.35,-145.62,6210,1
905.46,939.06,-182.63,-178.23,871.35,-148.88,6210,1
875.11,942.88,-176.8,-168.39,878.61,-144.2,6210,1
901.2,943.19,-181.26,-172.76,880.51,-141.84,6210,1
874.51,927.81,-182.62,-179.49,867.31,-149.57,6210,1
882.43,938.17,-178.25,-167.2,874.02,-143.44,6210,1
870.1,925.33,-182.74,-176.9,864.27,-146.68,6210,1
898.47,944.3,-180.99,-165.5,881.09,-140.55,6210,1
860.7,921.5,-175.01,-164.8,860.77,-139.33,6210,1
890.84,931.01,-182.94,-180.89,874.42,-150.16,6210,1
862.19,922.43,-179.05,-169.42,864.56,-143.93,6210,1
871.39,919.13,-179.11,-174.53,864.57,-146.12,6210,1
891.74,932.76,-178.89,-174.84,876.66,-144.11,6210,1
868.0,922.29,-180.98,-175.4,868.35,-143.98,6210,1
867.43,920.34,-175.39,-167.09,866.06,-142.84,6210,1
869.09,916.98,-175.87,-165.95,864.79,-140.33,6210,1
880.62,931.83,-172.5,-155.09,875.71,-136.12,6210,1
889.37,940.07,-173.63,-170.86,882.55,-138.78,6210,1
870.75,938.4,-176.35,-165.67,877.18,-147.11,6210,1
871.49,930.46,-178.12,-160.85,874.03,-141.21,6210,1
873.51,935.66,-179.29,-168.52,876.21,-145.1,6210,1
876.25,931.09,-175.81,-161.1,872.47,-145.41,6210,1
878.9,935.18,-181.98,-169.62,874.65,-149.51,6210,1
869.73,932.03,-179.57,-171.8,870.57,-147.67,6210,1
888.68,937.4,-178.84,-172.79,879.3,-146.41,6210,1
860.38,923.5,-176.36,-162.63,863.22,-140.21,6210,1
879.96,929.25,-179.85,-171.38,872.47,-146.57,6210,1
882.01,936.59,-180.39,-163.21,876.51,-147.83,6210,1
874.88,940.33,-171.08,-153.21,875.44,-133.23,6210,1
874.95,932.81,-185.12,-172.8,869.42,-154.98,6210,1
881.43,944.06,-178.08,-166.51,877.2,-142.27,6210,1
854.63,918.08,-180.77,-163.19,856.43,-144.9,6210,1
857.08,909.77,-181.78,-168.66,852.48,-149.09,6210,1
877.69,922.39,-185.22,-173.07,865.36,-151.92,6210,1
889.6,937.66,-179.31,-171.22,877.4,-156.16,6210,1
861.07,925.61,-175.87,-156.64,864.66,-136.12,6210,1
887.02,936.7,-177.66,-162.93,877.95,-144.32,6210,1
877.08,935.74,-176.11,-150.99,871.83,-136.73,6210,1
882.14,939.68,-176.34,-163.4,875.26,-141.51,6210,1
909.43,956.26,-171.29,-158.91,892.23,-138.09,6210,1
867.31,946.88,-175.76,-153.91,878.19,-134.76,6210,1
861.37,928.09,-174.69,-162.29,864.44,-143.08,6210,1
883.97,937.86,-174.14,-159.19,874.57,-139.79,6210,1
882.99,940.51,-179.45,-164.65,876.59,-146.6,6210,1
884.93,947.27,-171.56,-155.4,879.0,-139.1,6210,1
862.52,935.96,-178.44,-160.51,866.82,-141.88,6210,1
876.67,933.89,-180.5,-162.02,868.1,-148.02,6210,1
875.51,932.79,-179.03,-160.61,868.98,-148.58,6210,1
885.58,945.77,-178.32,-156.62,879.21,-142.73,6210,1
853.31,920.35,-184.57,-158.54,855.05,-143.8,6210,1
874.72,927.36,-179.76,-158.93,864.88,-143.75,6210,1
882.25,935.55,-180.02,-159.74,871.84,-144.03,6210,1
855.57,926.79,-184.01,-155.02,859.89,-146.28,6210,1
871.24,920.98,-185.94,-156.39,859.76,-152.15,6210,1
892.91,936.22,-177.72,-150.57,873.99,-144.64,6210,1
864.44,922.83,-177.33,-143.65,860.32,-136.6,6210,1
872.14,921.48,-182.68,-148.37,859.96,-150.46,6210,1
881.36,933.02,-184.76,-153.31,868.22,-150.05,6210,1
895.41,944.29,-178.4,-140.15,876.03,-143.63,6210,1
860.4,918.27,-184.08,-140.66,851.57,-145.35,6210,1
862.33,910.76,-184.09,-182.98,845.88,-147.49,6210,1
865.33,903.83,-180.35,-175.24,845.05,-144.11,6210,1
868.44,906.79,-178.2,-171.8,851.93,-140.87,6210,1
871.57,912.83,-180.05,-176.06,856.47,-142.49,6210,1
898.01,928.26,-179.23,-172.18,867.5,-144.5,6210,1
865.24,911.78,-185.95,-175.52,851.58,-144.42,6210,1
899.02,926.11,-180.66,-177.58,866.51,-144.89,6210,1
856.87,914.24,-182.3,-175.65,850.95,-140.76,6210,1
861.12,905.99,-184.86,-176.3,847.92,-148.12,6210,1
869.29,908.06,-187.8,-176.36,853.39,-148.76,6210,1
869.62,910.59,-177.74,-159.81,856.42,-142.87,6210,1
870.71,911.07,-181.72,-176.68,857.51,-153.4,6210,1
881.14,924.83,-181.94,-170.91,866.97,-143.11,6210,1
875.14,925.84,-184.64,-168.5,867.36,-148.96,6210,1
864.09,915.1,-180.89,-162.48,859.9,-141.61,6210,1
864.27,909.46,-178.01,-166.1,855.53,-141.04,6210,1
866.35,909.22,-178.54,-163.85,856.46,-143.41,6210,1
862.74,906.69,-181.28,-164.38,854.79,-146.51,6210,1
869.75,909.38,-177.51,-159.3,858.01,-140.1,6210,1
866.36,907.44,-179.05,-162.14,857.45,-144.59,6210,1
872.04,906.27,-175.17,-161.72,857.56,-143.87,6210,1
861.42,905.74,-178.67,-162.63,855.47,-142.98,6210,1
870.06,905.8,-171.92,-153.42,857.96,-137.15,6210,1
874.96,905.4,-169.67,-152.18,860.25,-141.4,6210,1
888.72,923.94,-172.51,-155.29,868.39,-142.49,6210,1
859.81,914.6,-173.04,-156.14,856.36,-139.11,6210,1
858.38,903.48,-171.2,-161.73,852.18,-137.58,6210,1
863.2,902.56,-172.64,-164.1,854.67,-142.92,6210,1
876.41,911.41,-175.91,-171.55,862.48,-144.66,6210,1
873.89,917.18,-172.26,-160.11,865.02,-138.29,6210,1
870.67,919.84,-177.01,-146.57,862.77,-143.8,6210,1
860.73,909.36,-174.02,-139.3,852.06,-137.11,6210,1
865.62,903.83,-175.43,-164.53,847.59,-141.08,6210,1
879.96,912.72,-175.48,-157.14,855.11,-144.78,6210,1
872.59,922.37,-171.31,-157.52,857.94,-137.11,6210,1
868.31,911.67,-170.84,-152.6,849.94,-136.71,6210,1
873.6,910.16,-171.71,-157.29,851.05,-137.73,6210,1
880.14,916.74,-173.51,-153.24,855.06,-135.98,6210,1
887.8,925.64,-176.05,-148.24,861.43,-139.4,6210,1
863.15,909.77,-181.33,-154.08,847.49,-144.08,6210,1
872.75,907.17,-175.35,-151.11,851.0,-141.02,6210,1
878.67,917.55,-178.75,-147.54,858.19,-142.2,6210,1
883.45,920.53,-175.02,-148.76,863.04,-138.51,6210,1
872.14,919.59,-177.98,-150.95,861.68,-139.86,6210,1
873.36,918.22,-171.27,-144.19,862.18,-135.95,6210,1
875.71,919.76,-176.93,-147.92,862.32,-137.6,6210,1
865.78,912.62,-176.48,-153.92,854.94,-137.93,6210,1
867.23,911.86,-173.54,-151.01,854.49,-141.06,6210,1
867.53,911.19,-172.42,-146.83,854.93,-137.05,6210,1
885.76,925.73,-177.18,-156.82,867.49,-142.26,6210,1
869.53,922.59,-179.66,-153.28,862.37,-147.37,6210,1
868.45,924.73,-177.99,-150.62,862.55,-144.1,6210,1
871.64,918.65,-176.12,-153.37,858.92,-141.52,6210,1
871.0,918.08,-177.27,-158.76,859.16,-140.74,6210,1
867.22,914.12,-175.63,-154.85,856.39,-140.2,6210,1
877.66,919.38,-177.64,-148.76,863.45,-141.26,6210,1
890.72,926.48,-178.96,-156.05,869.59,-143.72,6210,1
886.15,937.4,-177.29,-152.07,877.88,-144.0,6210,1
884.4,929.8,-176.99,-156.46,871.54,-143.11,6210,1
886.09,940.7,-178.4,-157.76,879.82,-142.63,6210,1
879.96,934.35,-176.16,-149.45,874.15,-136.56,6210,1
889.74,943.15,-178.02,-149.18,882.57,-142.5,6210,1
883.39,939.2,-171.01,-145.73,877.78,-135.06,6210,1
873.71,939.11,-174.87,-151.12,872.33,-139.46,6210,1
899.42,944.19,-181.68,-157.16,882.42,-146.26,6210,1
869.98,940.18,-181.15,-150.61,873.91,-148.69,6210,1
869.53,927.73,-176.44,-149.7,863.41,-140.59,6210,1
897.16,944.55,-174.6,-145.83,883.45,-140.67,6210,1
880.37,944.68,-169.88,-140.29,875.64,-135.28,6210,1
878.01,937.94,-176.08,-148.38,871.59,-141.15,6210,1
900.41,947.71,-171.69,-153.0,890.29,-136.39,6210,1
906.96,962.43,-172.44,-149.13,900.39,-139.19,6210,1
874.63,954.65,-176.61,-153.88,874.2,-141.78,6210,1
885.43,946.52,-179.72,-151.83,878.66,-141.03,6210,1
874.13,944.93,-176.02,-147.25,871.94,-140.44,6210,1
894.03,943.19,-180.68,-149.66,882.48,-143.66,6210,1
867.67,940.05,-176.64,-145.8,862.81,-136.29,6210,1
894.24,945.55,-184.02,-153.24,884.47,-148.48,6210,1
868.19,933.5,-176.17,-148.75,861.21,-136.4,6210,1
897.61,948.81,-179.69,-143.65,889.6,-143.91,6210,1
858.37,931.28,-178.36,-142.28,850.49,-142.24,6210,1
886.08,937.99,-178.97,-134.02,880.81,-144.47,6210,1
864.08,927.07,-178.04,-137.51,858.65,-139.23,6210,1
894.75,932.77,-180.98,-142.93,884.58,-141.41,6210,1
879.16,944.24,-176.66,-146.09,881.53,-139.94,6210,1
878.36,941.69,-179.35,-149.87,874.87,-140.93,6210,1
891.76,948.58,-179.28,-156.11,889.31,-139.31,6210,1
881.81,938.14,-183.49,-157.46,874.81,-146.04,6210,1
910.89,950.39,-180.38,-148.56,905.45,-144.88,6210,1
866.95,945.66,-180.71,-146.9,868.46,-139.15,6210,1
878.48,943.59,-179.65,-146.02,878.51,-144.49,6210,1
866.52,930.59,-182.27,-148.31,863.78,-142.6,6210,1
871.86,927.08,-180.88,-140.86,869.33,-142.79,6210,1
874.47,927.78,-178.83,-147.06,871.57,-143.01,6210,1
870.83,924.17,-177.44,-147.31,868.1,-141.12,6210,1
884.45,932.12,-178.61,-141.0,881.93,-142.88,6210,1
864.65,920.98,-181.63,-139.85,857.27,-142.09,6210,1
883.36,932.62,-181.36,-143.04,880.58,-140.24,6210,1
872.56,924.7,-185.37,-149.21,866.17,-147.38,6210,1
882.74,932.15,-181.58,-147.39,880.7,-145.78,6210,1
881.59,934.81,-179.46,-142.64,880.35,-143.59,6210,1
875.11,938.16,-177.51,-138.67,877.25,-143.3,6210,1
886.55,938.26,-181.62,-137.93,881.07,-140.49,6210,1
867.39,938.46,-175.84,-138.62,867.97,-137.76,6210,1
877.44,934.93,-177.46,-135.64,870.59,-140.1,6210,1
879.18,942.88,-181.51,-133.47,877.11,-147.82,6210,1
865.23,928.28,-186.2,-136.63,856.2,-145.8,6210,1
904.57,927.54,-185.48,-122.07,876.81,-141.4,6210,1
873.57,937.5,-183.68,-131.35,869.56,-144.32,6210,1
907.45,944.32,-184.88,-139.07,887.02,-139.35,6210,1
881.08,946.49,-183.69,-145.08,873.07,-145.41,6210,1
891.2,946.41,-182.84,-145.02,872.6,-146.32,6210,1
934.63,954.1,-181.57,-149.52,901.45,-141.91,6210,1
895.57,972.76,-172.27,-119.84,889.79,-132.16,6210,1
889.32,958.2,-178.53,-112.03,873.47,-138.93,6210,1
875.03,965.3,-178.84,-127.68,871.43,-138.76,6210,1
893.97,950.87,-181.43,-124.19,873.86,-138.95,6210,1
894.05,955.54,-177.1,-111.22,884.42,-139.7,6210,1
869.34,947.2,-178.13,-110.37,860.89,-137.76,6210,1
917.35,955.82,-178.19,-120.02,895.36,-139.5,6210,1
876.23,951.9,-180.46,-187.95,867.99,-138.32,6210,1
919.54,956.75,-178.61,-191.82,897.94,-139.57,6210,1
878.81,955.34,-173.23,-176.98,871.94,-135.03,6210,1
874.77,945.05,-181.04,-175.25,864.94,-139.01,6210,1
887.87,952.5,-177.52,-177.36,880.5,-137.38,6210,1
890.39,943.37,-179.36,-178.19,873.99,-135.96,6210,1
865.53,941.17,-185.19,-177.29,858.98,-141.43,6210,1
914.97,944.33,-180.98,-183.44,890.65,-147.8,6210,1
869.73,939.97,-178.79,-177.51,864.6,-141.38,6210,1
893.8,948.42,-177.95,-174.88,884.65,-142.35,6210,1
884.3,941.63,-185.24,-187.58,869.4,-147.53,6210,1
862.54,938.62,-178.62,-169.88,855.13,-138.73,6210,1
899.08,940.17,-178.19,-187.37,879.47,-146.3,6210,1
864.71,931.48,-180.39,-173.19,855.41,-141.84,6210,1
906.59,942.71,-180.97,-171.99,888.23,-141.92,6210,1
868.5,939.23,-176.77,-169.95,863.47,-137.08,6210,1
918.35,948.63,-180.18,-175.09,897.42,-141.63,6210,1
876.24,949.17,-178.64,-172.27,870.6,-143.93,6210,1
912.03,947.01,-182.27,-183.25,886.84,-143.09,6210,1
885.23,952.34,-183.35,-179.12,877.6,-142.86,6210,1
898.98,948.47,-183.71,-179.27,879.8,-144.62,6210,1
883.98,952.95,-177.23,-173.78,875.39,-139.69,6210,1
900.95,948.48,-185.37,-182.24,875.6,-145.77,6210,1
876.25,949.4,-182.26,-181.03,863.3,-143.99,6210,1
900.4,944.92,-182.9,-181.07,872.65,-146.54,6210,1
869.2,943.9,-179.34,-177.88,855.71,-144.41,6210,1
892.5,942.18,-182.55,-186.0,870.62,-147.05,6210,1
878.3,930.06,-184.72,-182.12,853.16,-141.95,6210,1
881.2,936.67,-184.66,-180.03,862.01,-147.89,6210,1
896.94,929.78,-186.79,-188.03,865.25,-145.05,6210,1
894.36,937.76,-179.61,-174.74,872.78,-140.88,6210,1
879.52,935.02,-181.79,-178.49,858.9,-138.83,6210,1
888.74,938.78,-185.29,-179.39,868.22,-149.59,6210,1
883.86,935.78,-192.33,-193.05,858.7,-158.47,6210,1
882.67,935.92,-180.34,-180.2,859.79,-146.42,6210,1
886.63,933.04,-180.79,-186.57,862.04,-150.22,6210,1
877.04,926.65,-183.96,-176.72,851.28,-142.49,6210,1
886.93,935.49,-177.77,-179.07,864.3,-145.66,6210,1
892.01,926.81,-182.42,-185.98,858.87,-145.73,6210,1
882.99,936.52,-180.02,-172.99,859.92,-145.28,6210,1
882.01,925.31,-179.99,-172.11,849.43,-139.59,6210,1
881.15,929.59,-179.3,-177.26,857.03,-145.63,6210,1
892.93,923.04,-186.26,-181.27,860.11,-150.73,6210,1
870.27,924.82,-183.66,-170.61,849.28,-144.05,6210,1
890.17,922.14,-185.66,-177.75,859.5,-151.73,6210,1
869.54,919.77,-183.01,-178.31,845.84,-146.79,6210,1
913.94,929.47,-179.3,-174.2,878.63,-147.27,6210,1
888.47,939.67,-179.75,-169.19,872.39,-144.65,6210,1
879.37,934.85,-188.9,-183.14,859.59,-153.0,6210,1
901.94,947.18,-181.63,-177.04,877.2,-147.58,6210,1
883.5,931.85,-187.53,-185.05,855.45,-148.99,6210,1
892.27,939.76,-181.19,-174.87,866.98,-146.72,6210,1
883.62,932.85,-185.15,-180.56,855.37,-148.44,6210,1
903.4,942.85,-183.51,-181.7,874.57,-133.05,6210,1
902.64,948.69,-179.85,-174.47,874.54,-143.0,6210,1
909.04,953.26,-177.81,-176.49,878.95,-144.49,6210,1
908.41,958.31,-185.9,-178.48,881.88,-149.02,6210,1
900.46,959.09,-180.2,-171.04,877.3,-142.06,6210,1
903.27,959.39,-181.43,-183.24,879.74,-144.46,6210,1
883.04,950.79,-174.67,-170.14,861.33,-141.3,6210,1
883.26,938.37,-184.06,-183.31,854.38,-142.71,6210,1
897.65,945.18,-185.07,-179.19,874.84,-148.97,6210,1
888.79,935.8,-186.25,-177.64,867.05,-145.62,6210,1
911.51,947.49,-181.68,-170.24,892.26,-142.02,6210,1
906.81,954.08,-184.51,-174.14,896.55,-148.98,6210,1
907.96,960.07,-180.39,-178.29,901.55,-149.97,6210,1
907.1,963.27,-184.35,-180.92,903.29,-156.97,6210,1
912.5,965.77,-184.78,-176.15,907.47,-151.33,6210,1
891.05,964.72,-184.35,-180.57,893.13,-151.94,6210,1
880.53,956.46,-182.19,-179.53,883.43,-148.56,6210,1
880.58,950.72,-184.97,-174.83,880.64,-153.42,6210,1
894.34,952.16,-179.77,-177.01,889.74,-151.17,6210,1
883.8,950.43,-186.29,-171.41,878.54,-149.79,6210,1
893.57,953.11,-182.69,-177.89,889.17,-148.45,6210,1
885.29,952.21,-179.0,-171.87,882.52,-145.88,6210,1
880.81,946.6,-188.16,-187.6,873.46,-160.06,6210,1
890.43,947.2,-185.25,-176.82,880.95,-151.83,6210,1
879.5,942.34,-184.7,-176.12,870.3,-148.67,6210,1
883.98,947.67,-179.63,-173.9,877.77,-144.14,6210,1
888.56,948.88,-180.45,-172.34,879.87,-150.46,6210,1
873.3,943.15,-182.71,-174.63,866.35,-143.7,6210,1
886.04,949.54,-182.05,-176.88,877.89,-149.58,6210,1
889.0,940.68,-185.29,-178.4,872.37,-147.67,6210,1
881.84,944.78,-186.15,-172.87,873.9,-155.67,6210,1
894.13,942.61,-186.0,-181.0,878.96,-153.36,6210,1
879.01,945.11,-182.8,-175.2,873.75,-147.16,6210,1
903.74,945.54,-182.23,-175.85,885.6,-146.71,6210,1
889.07,949.34,-178.95,-172.56,880.4,-149.11,6210,1
884.49,950.33,-184.45,-178.72,878.23,-149.48,6210,1
882.85,949.46,-191.1,-182.22,875.19,-154.03,6210,1
880.32,947.31,-190.63,-181.11,874.2,-155.41,6210,1
904.22,954.26,-187.62,-188.51,892.86,-158.52,6210,1
888.53,956.22,-182.6,-178.28,884.61,-149.26,6210,1
887.98,955.33,-183.88,-179.41,880.78,-152.33,6210,1
899.75,954.17,-189.69,-183.93,886.43,-154.39,6210,1
882.55,954.97,-182.25,-176.66,880.68,-143.22,6210,1
895.25,951.14,-184.83,-181.57,882.79,-151.93,6210,1
909.72,958.61,-186.26,-178.51,896.77,-153.22,6210,1
885.24,958.38,-179.88,-163.81,880.15,-142.05,6210,1
911.69,955.59,-184.94,-167.72,890.94,-151.33,6210,1
874.96,948.17,-187.48,-170.64,865.41,-148.6,6211,1
911.36,949.48,-182.22,-167.95,889.78,-150.22,6211,1
871.52,940.92,-186.28,-169.07,861.36,-145.13,6211,1
902.01,945.14,-177.09,-157.0,885.8,-139.47,6211,1
890.17,939.58,-193.65,-174.13,873.49,-162.48,6211,1
923.84,948.62,-187.05,-163.33,895.44,-155.11,6211,1
869.31,939.51,-180.88,-161.9,858.94,-145.93,6211,1
903.74,943.29,-187.79,-167.91,882.02,-153.19,6211,1
882.07,940.42,-183.91,-163.6,866.59,-145.49,6211,1
907.58,946.57,-185.22,-166.22,885.41,-153.79,6211,1
885.98,943.62,-182.09,-160.2,866.19,-147.53,6211,1
899.36,947.33,-190.51,-166.96,878.73,-154.01,6211,1
881.69,944.58,-179.69,-164.56,863.97,-142.56,6211,1
910.69,951.2,-186.72,-164.7,886.11,-147.28,6211,1
872.72,940.8,-183.18,-161.64,853.51,-147.44,6211,1
913.95,942.25,-182.2,-160.93,882.07,-149.41,6211,1
875.88,939.06,-186.02,-163.03,856.04,-147.42,6211,1
903.91,940.19,-183.04,-160.02,876.23,-148.56,6211,1
887.44,935.12,-184.22,-167.74,860.2,-141.18,6211,1
905.15,940.52,-186.01,-161.33,877.59,-149.22,6211,1
885.18,937.36,-189.04,-164.34,861.79,-142.73,6211,1
888.3,938.07,-185.03,-157.06,867.14,-151.92,6211,1
899.08,935.73,-185.24,-154.4,870.3,-146.67,6211,1
881.46,936.42,-183.52,-155.16,860.36,-146.62,6211,1
900.62,937.08,-182.83,-153.5,875.22,-147.4,6211,1
896.47,938.98,-187.33,-156.75,872.53,-141.48,6211,1
886.54,940.75,-191.27,-158.56,864.75,-154.67,6211,1
931.71,941.63,-190.97,-155.61,889.48,-151.39,6211,1
932.56,952.93,-179.56,-131.42,901.0,-140.51,6211,1
904.36,956.5,-185.65,-130.56,884.11,-148.08,6211,1
899.0,953.37,-193.11,-137.52,875.94,-159.78,6211,1
892.25,949.17,-181.79,-136.24,870.5,-144.41,6211,1
889.05,944.11,-191.5,-137.69,865.77,-159.78,6211,1
907.69,942.19,-190.24,-137.71,878.92,-154.52,6211,1
915.01,949.39,-192.43,-142.2,887.14,-159.39,6211,1
895.67,950.12,-184.6,-136.36,874.29,-148.08,6211,1
904.65,945.47,-190.96,-142.72,874.53,-154.37,6211,1
905.11,947.28,-184.94,-140.78,878.55,-147.36,6211,1
888.66,943.82,-183.72,-131.76,864.85,-151.01,6211,1
891.99,942.05,-190.15,-138.56,868.88,-152.86,6211,1
888.94,941.84,-183.1,-128.7,868.48,-141.42,6211,1
897.4,936.68,-189.89,-115.94,869.85,-155.68,6211,1
909.52,944.13,-181.57,-104.0,887.8,-144.67,6211,1
881.28,940.54,-188.78,-106.82,865.54,-154.11,6211,1
917.41,942.41,-184.16,-109.84,892.23,-147.83,6211,1
896.32,941.0,-188.45,-120.45,876.88,-151.27,6211,1
889.29,939.35,-191.1,-104.37,869.41,-150.73,6211,1
903.85,934.44,-188.62,-111.51,875.01,-151.18,6211,1
889.0,938.09,-187.72,-106.95,866.54,-154.45,6211,1
903.58,933.2,-195.17,-107.99,870.74,-157.09,6211,1
891.38,932.67,-192.41,-112.67,865.73,-157.66,6211,1
891.2,931.4,-188.04,-108.49,862.63,-145.62,6211,1
884.83,928.23,-185.68,-108.93,858.57,-150.61,6211,1
909.04,933.25,-189.35,-187.96,877.18,-154.26,6211,1
895.75,934.12,-189.46,-185.14,867.74,-153.11,6211,1
890.58,933.0,-186.82,-196.68,861.3,-149.13,6211,1
876.05,928.91,-188.39,-178.28,849.87,-150.62,6211,1
910.7,929.62,-183.66,-167.22,872.59,-148.33,6211,1
879.68,921.83,-188.25,-178.85,847.6,-150.89,6211,1
899.8,927.66,-184.2,-169.03,868.4,-153.99,6211,1
889.91,923.41,-188.85,-186.05,858.95,-150.97,6211,1
892.62,925.87,-184.95,-176.34,864.85,-147.8,6211,1
887.3,923.09,-182.97,-157.28,855.86,-146.44,6211,1
908.55,933.22,-184.6,-177.61,875.17,-148.74,6211,1
886.74,929.27,-181.2,-173.7,854.59,-150.19,6211,1
885.33,932.25,-181.43,-167.15,856.73,-148.37,6211,1
916.09,931.78,-184.9,-179.66,868.98,-148.79,6211,1
910.74,942.36,-183.73,-183.0,876.06,-144.38,6211,1
889.13,942.02,-187.67,-181.13,862.39,-152.25,6211,1
910.14,940.4,-188.56,-192.1,874.86,-151.64,6211,1
900.61,945.73,-180.44,-144.47,878.07,-142.76,6211,1
903.72,941.52,-190.34,-71.48,876.14,-155.1,6211,1
892.12,946.1,-182.98,-134.98,875.23,-140.26,6211,1
917.98,942.65,-182.95,-102.56,888.51,-148.98,6211,1
875.07,939.24,-182.21,-119.55,864.78,-147.44,6211,1
886.48,933.12,-181.26,-111.94,869.71,-149.23,6211,1
894.54,929.72,-180.05,-105.59,875.01,-147.86,6211,1
874.63,928.49,-181.92,-105.63,866.79,-142.75,6211,1
886.25,928.11,-183.18,-105.63,874.11,-148.22,6211,1
890.52,931.28,-181.98,-105.63,877.74,-148.15,6211,1
895.97,934.44,-180.3,-105.63,879.43,-148.23,6211,1
876.26,933.59,-180.98,-204.44,865.6,-149.82,6211,1
894.48,931.53,-188.01,-208.77,875.21,-154.14,6211,1
873.73,928.88,-182.7,-205.36,860.41,-151.91,6211,1
893.16,927.5,-189.85,-208.78,875.54,-156.17,6211,1
880.11,930.03,-189.39,-203.36,866.88,-150.53,6211,1
905.18,926.26,-191.17,-203.06,877.94,-157.29,6211,1
876.34,922.36,-191.11,-206.61,858.0,-153.81,6211,1
896.51,921.87,-189.81,-206.41,872.84,-151.67,6211,1
896.13,919.36,-191.1,-209.49,867.54,-156.24,6211,1
872.47,918.75,-192.27,-209.9,852.1,-154.14,6211,1
903.59,920.93,-190.53,-207.38,872.87,-155.92,6211,1
868.85,914.65,-186.95,-207.6,846.5,-148.42,6211,1
889.15,918.17,-184.91,-197.63,861.98,-149.58,6211,1
901.3,928.2,-188.01,-207.68,872.02,-155.08,6211,1
881.96,927.45,-191.53,-205.21,857.62,-155.03,6211,1
892.43,934.11,-186.79,-207.01,870.4,-151.9,6211,1
902.32,933.54,-190.94,-205.94,871.49,-157.56,6211,1
878.92,935.78,-188.39,-206.19,859.96,-154.13,6211,1
895.4,941.16,-185.09,-201.76,871.78,-153.89,6211,1
901.59,937.86,-188.35,-205.58,868.17,-152.91,6211,1
884.86,940.81,-182.77,-197.28,863.65,-147.46,6211,1
916.45,940.06,-192.96,-212.63,876.67,-158.68,6211,1
874.8,936.9,-182.86,-198.23,854.67,-147.34,6211,1
910.98,937.86,-187.11,-201.7,876.34,-151.05,6211,1
873.22,934.77,-191.93,-202.92,851.92,-152.07,6211,1
905.51,940.51,-186.35,-197.33,874.64,-149.73,6211,1
882.05,937.92,-187.47,-206.16,860.11,-152.6,6211,1
898.1,941.48,-189.72,-202.91,874.34,-153.9,6211,1
871.73,940.25,-182.13,-193.42,860.27,-146.13,6211,1
916.72,942.64,-187.46,-200.69,888.19,-153.59,6211,1
883.24,945.32,-182.21,-196.1,873.61,-146.31,6211,1
893.77,941.68,-191.82,-200.59,868.85,-149.6,6211,1
878.79,939.07,-186.22,-199.26,864.97,-147.89,6211,1
891.94,940.02,-184.48,-204.71,874.96,-150.89,6211,1
898.74,942.87,-191.25,-214.05,875.73,-156.97,6211,1
869.12,942.68,-180.47,-196.2,857.36,-144.44,6211,1
901.03,942.23,-189.92,-210.82,879.08,-156.32,6211,1
872.91,932.45,-181.43,-194.84,858.95,-143.04,6211,1
904.27,939.93,-181.65,-195.15,885.62,-147.28,6211,1
873.56,934.56,-187.28,-203.04,862.77,-149.96,6211,1
898.19,940.3,-191.5,-205.15,886.01,-157.27,6211,1
895.14,936.81,-181.57,-205.37,877.53,-148.02,6211,1
877.96,939.82,-184.88,-203.32,873.96,-149.75,6211,1
906.95,936.07,-191.76,-210.29,887.14,-152.46,6211,1
902.89,945.08,-180.25,-197.46,899.06,-147.49,6211,1
897.99,943.39,-183.96,-197.03,890.56,-149.43,6211,1
876.01,945.58,-181.59,-192.87,880.15,-147.17,6211,1
909.52,944.76,-193.91,-203.42,896.19,-161.44,6211,1
878.1,946.11,-184.38,-201.26,879.83,-154.01,6211,1
910.96,950.51,-192.21,-210.6,898.17,-164.14,6211,1
871.44,947.68,-178.47,-188.87,872.47,-135.47,6211,1
916.48,954.95,-187.78,-200.37,899.06,-151.4,6211,1
878.28,949.19,-186.42,-200.66,872.25,-152.18,6211,1
910.15,952.54,-187.3,-195.58,892.18,-147.61,6211,1
885.16,949.25,-196.1,-206.4,870.74,-153.2,6211,1
899.78,951.08,-188.65,-197.67,883.22,-146.06,6211,1
886.83,943.44,-193.19,-205.14,872.16,-155.55,6211,1
899.66,951.25,-189.11,-191.65,886.03,-141.92,6211,1
890.51,943.19,-193.54,-205.33,873.27,-148.4,6211,1
902.45,946.79,-194.45,-203.79,886.94,-159.54,6211,1
877.67,936.21,-194.63,-209.34,865.64,-158.15,6211,1
875.77,933.98,-189.24,-200.12,867.28,-150.09,6211,1
889.75,931.11,-198.96,-212.27,872.26,-162.45,6211,1
886.09,934.71,-192.56,-204.27,876.49,-157.86,6211,1
910.84,933.59,-203.26,-218.22,889.15,-167.49,6211,1
876.72,938.66,-185.18,-200.16,869.99,-151.86,6211,1
920.58,940.42,-191.48,-205.28,897.11,-152.94,6211,1
874.44,937.22,-189.52,-199.49,868.82,-147.0,6211,1
909.94,941.59,-181.59,-195.4,894.23,-148.74,6211,1
890.06,937.85,-191.28,-209.34,877.47,-155.88,6211,1
876.98,940.47,-182.27,-190.95,872.97,-140.93,6211,1
908.95,940.87,-194.31,-210.7,891.77,-157.89,6211,1
871.54,934.67,-184.22,-198.3,870.72,-144.08,6211,1
906.92,943.21,-188.23,-203.62,897.5,-154.83,6211,1
880.17,936.87,-195.59,-213.57,874.55,-157.42,6211,1
895.44,940.05,-188.97,-201.44,889.08,-153.58,6211,1
901.58,941.49,-193.04,-203.64,888.93,-159.14,6211,1
876.3,939.44,-189.65,-198.16,875.57,-151.32,6211,1
909.52,939.07,-195.72,-215.16,895.37,-163.74,6211,1
891.55,947.34,-181.89,-195.55,891.24,-146.87,6211,1
909.54,945.41,-190.78,-191.5,897.04,-147.68,6211,1
875.44,946.04,-187.01,-194.98,879.09,-150.79,6211,1
912.14,948.37,-187.23,-200.61,899.99,-151.92,6211,1
880.55,947.32,-188.54,-199.34,879.37,-150.88,6211,1
907.5,948.65,-190.69,-205.12,894.96,-155.68,6211,1
875.01,939.11,-189.06,-191.85,871.75,-145.36,6211,1
899.62,945.71,-186.92,-197.19,891.29,-152.63,6211,1
893.77,943.36,-189.76,-203.48,879.68,-150.2,6211,1
881.36,943.51,-186.42,-189.07,877.82,-147.3,6211,1
900.96,937.23,-192.16,-203.94,885.31,-154.59,6211,1
881.02,942.75,-185.79,-191.33,878.84,-150.54,6211,1
913.01,944.51,-195.11,-203.72,896.01,-160.83,6211,1
875.02,944.15,-184.96,-190.58,877.07,-148.0,6211,1
920.14,945.64,-190.72,-194.97,903.21,-155.15,6211,1
871.89,942.37,-181.93,-182.9,878.12,-143.34,6211,1
915.53,954.14,-188.68,-199.83,904.71,-153.46,6211,1
886.53,948.09,-180.91,-187.18,888.71,-148.37,6211,1
910.37,952.0,-193.52,-201.74,899.66,-158.48,6211,1
887.8,951.75,-182.91,-187.03,888.95,-145.81,6211,1
896.82,947.71,-188.23,-189.56,888.34,-152.77,6211,1
913.98,955.38,-188.83,-192.14,906.32,-152.35,6211,1
890.56,954.65,-188.69,-192.9,892.86,-150.23,6211,1
925.96,956.22,-194.36,-207.17,908.09,-157.2,6211,1
901.83,957.26,-183.9,-187.22,900.62,-143.48,6211,1
897.39,955.69,-192.34,-196.16,893.56,-159.93,6211,1
898.6,953.79,-189.91,-190.65,893.08,-156.36,6211,1
890.3,952.51,-183.47,-188.73,889.31,-147.64,6211,1
897.54,951.74,-192.07,-196.36,892.86,-156.08,6211,1
898.5,954.0,-178.01,-176.91,897.7,-143.44,6211,1
892.95,953.2,-183.91,-192.61,892.04,-146.48,6211,1
890.94,953.93,-185.79,-190.16,889.62,-142.79,6211,1
931.19,962.98,-188.12,-200.94,916.88,-152.32,6211,1
915.72,966.48,-184.11,-190.75,911.9,-145.26,6211,1
911.67,968.69,-187.67,-190.73,903.92,-149.55,6211,1
916.94,971.34,-182.87,-190.66,911.57,-149.0,6211,1
900.54,969.58,-183.79,-184.03,897.49,-143.9,6211,1
885.72,961.28,-182.25,-189.15,881.81,-142.92,6211,1
923.36,967.78,-186.14,-190.16,909.47,-148.25,6211,1
885.31,963.55,-186.26,-186.75,884.6,-151.22,6211,1
920.69,962.23,-188.67,-192.68,902.95,-149.84,6211,1
905.84,962.56,-184.15,-196.04,896.16,-154.43,6211,1
888.57,959.54,-180.76,-202.36,881.14,-154.25,6211,1
897.52,958.69,-180.36,-193.6,885.14,-148.77,6211,1
890.14,956.07,-192.41,-202.3,875.46,-158.61,6211,1
899.86,957.56,-182.68,-182.29,889.74,-141.97,6211,1
898.83,950.42,-188.64,-186.38,878.37,-147.9,6211,1
886.95,948.16,-182.05,-176.41,878.48,-144.62,6211,1
917.52,947.81,-190.35,-185.06,891.11,-155.91,6211,1
908.04,957.67,-180.53,-170.27,895.74,-142.71,6211,1
921.35,961.74,-187.01,-178.48,901.26,-142.54,6211,1
913.75,964.42,-181.81,-177.84,895.75,-141.93,6211,1
917.51,966.67,-186.33,-189.44,894.47,-146.6,6211,1
910.2,967.05,-188.41,-186.86,889.45,-150.12,6211,1
911.28,966.42,-182.48,-181.89,883.93,-144.7,6211,1
898.09,961.6,-185.46,-190.91,874.09,-151.35,6211,1
904.29,959.5,-183.37,-184.73,876.78,-145.09,6211,1
909.29,959.47,-184.22,-183.26,878.95,-145.95,6211,1
920.39,960.99,-186.83,-181.15,884.81,-146.7,6211,1
908.46,963.86,-184.89,-186.34,880.61,-144.3,6211,1
904.35,962.48,-187.89,-187.13,875.8,-144.73,6211,1
908.85,961.54,-176.86,-179.02,878.57,-136.48,6211,1
902.98,958.63,-184.52,-188.95,870.15,-143.5,6211,1
908.27,958.83,-178.02,-177.1,875.88,-139.29,6211,1
909.4,959.49,-185.17,-191.77,874.62,-146.27,6211,1
937.13,964.3,-182.94,-189.4,893.75,-148.27,6211,1
939.05,968.1,-181.9,-187.2,896.78,-149.59,6211,1
932.67,974.51,-180.13,-182.08,894.85,-138.6,6211,1
933.44,975.67,-188.31,-187.06,892.9,-146.12,6211,1
916.98,973.02,-177.65,-187.28,882.05,-144.09,6211,1
895.11,959.59,-185.82,-188.11,860.17,-152.1,6211,1
889.07,946.81,-182.54,-187.73,851.17,-143.18,6211,1
890.96,941.42,-180.65,-181.86,854.2,-147.13,6211,1
891.68,936.82,-186.87,-190.71,852.48,-150.63,6211,1
886.97,930.12,-188.07,-190.81,848.44,-150.92,6211,1
919.14,932.86,-190.03,-190.32,866.35,-156.15,6211,1
933.96,947.02,-184.27,-179.27,887.58,-147.94,6211,1
927.81,956.5,-182.17,-182.89,886.55,-149.92,6211,1
935.27,962.98,-186.76,-192.11,890.08,-149.3,6211,1
921.02,967.32,-182.19,-184.29,880.92,-144.33,6211,1
935.28,967.87,-187.02,-188.62,890.15,-151.13,6211,1
928.98,969.36,-184.96,-183.7,886.75,-140.81,6211,1
933.12,971.04,-186.63,-190.17,889.34,-148.63,6211,1
930.72,972.6,-183.43,-183.45,888.49,-143.81,6211,1
958.69,974.62,-187.02,-184.04,902.86,-149.5,6211,1
954.95,979.23,-184.15,-179.99,907.04,-145.16,6211,1
983.76,982.85,-183.68,-182.02,917.8,-150.0,6211,1
997.01,985.07,-189.72,-194.0,928.78,-145.36,6211,1
924.18,982.72,-185.7,-173.01,892.4,-145.05,6211,1
878.46,955.43,-185.97,-178.59,839.99,-147.48,6211,1
901.81,952.05,-180.94,-174.47,860.62,-146.56,6211,1
900.06,950.47,-190.9,-187.22,862.51,-154.12,6211,1
875.22,939.08,-185.01,-181.38,843.43,-144.7,6211,1
910.0,939.0,-183.14,-173.69,866.02,-148.48,6211,1
883.95,937.25,-182.32,-176.02,850.22,-145.74,6211,1
902.52,936.31,-191.31,-189.2,861.58,-157.16,6211,1
879.31,929.15,-187.37,-182.72,843.28,-144.95,6211,1
905.68,928.37,-189.34,-188.53,861.01,-153.19,6211,1
890.42,925.57,-182.88,-184.21,852.15,-149.78,6211,1
884.28,927.31,-182.17,-176.93,849.5,-142.72,6211,1
897.37,927.68,-182.78,-178.68,853.68,-142.45,6211,1
880.56,922.08,-186.32,-178.65,840.9,-146.74,6211,1
902.17,922.75,-189.64,-185.42,856.85,-153.68,6211,1
874.18,916.93,-182.2,-182.76,839.14,-145.56,6211,1
901.64,920.8,-186.82,-179.97,856.76,-149.87,6211,1
885.08,918.15,-181.37,-182.81,844.83,-145.05,6211,1
901.3,925.51,-187.92,-177.29,859.73,-153.17,6211,1
884.93,921.94,-184.47,-182.67,843.94,-146.17,6211,1
907.45,928.89,-184.95,-182.81,861.02,-147.5,6211,1
883.16,926.46,-186.35,-181.62,847.75,-140.97,6211,1
906.51,929.92,-190.52,-191.15,864.1,-154.07,6211,1
887.06,929.98,-183.39,-187.31,852.03,-144.62,6211,1
893.03,928.68,-183.75,-186.25,850.89,-148.48,6211,1
886.08,926.26,-182.02,-187.2,844.74,-141.43,6211,1
891.35,927.48,-184.56,-189.81,850.99,-147.24,6211,1
889.54,922.59,-195.16,-197.81,844.29,-160.92,6211,1
893.56,925.44,-184.99,-191.76,854.01,-150.31,6211,1
883.22,921.58,-179.71,-179.45,844.3,-143.52,6211,1
910.79,925.72,-182.71,-180.31,864.09,-152.19,6211,1
884.93,924.15,-182.96,-184.62,844.37,-148.09,6211,1
898.13,926.57,-181.85,-185.58,855.72,-148.52,6211,1
883.92,923.67,-184.55,-180.27,842.77,-143.89,6211,1
900.9,926.07,-181.97,-191.77,856.26,-147.79,6211,1
881.41,922.63,-182.74,-182.45,839.81,-145.19,6211,1
908.98,925.51,-183.96,-184.35,857.07,-149.19,6211,1
882.47,923.37,-180.14,-179.09,841.99,-142.93,6211,1
904.28,923.48,-181.35,-180.6,856.65,-141.08,6211,1
890.67,922.54,-184.54,-184.58,847.54,-147.2,6211,1
895.79,921.72,-185.31,-187.64,849.16,-147.97,6212,1
890.98,919.64,-185.5,-192.83,845.57,-149.37,6212,1
885.45,917.45,-181.68,-172.36,843.25,-146.0,6212,1
907.22,920.46,-184.3,-189.58,856.88,-146.53,6212,1
880.65,920.95,-186.29,-187.85,843.07,-148.82,6212,1
882.17,913.35,-187.43,-186.34,838.25,-148.11,6212,1
883.2,912.92,-181.44,-179.8,843.1,-142.64,6212,1
887.76,907.54,-186.62,-196.36,842.45,-152.0,6212,1
876.12,907.23,-184.07,-183.83,837.45,-144.42,6212,1
888.36,906.66,-186.14,-185.43,841.96,-149.54,6212,1
878.45,904.24,-184.22,-186.51,835.82,-144.14,6212,1
893.79,905.26,-188.6,-180.82,846.1,-151.92,6212,1
876.11,901.83,-184.58,-179.34,834.95,-149.38,6212,1
896.37,903.41,-177.42,-177.65,846.74,-140.65,6212,1
876.14,901.65,-189.23,-192.31,834.22,-151.95,6212,1
887.64,902.7,-187.11,-183.86,846.37,-146.1,6212,1
894.63,907.5,-181.3,-180.78,853.17,-149.44,6212,1
875.82,902.0,-185.61,-180.32,834.36,-147.35,6212,1
897.14,905.5,-184.42,-179.9,849.1,-149.28,6212,1
876.12,903.85,-188.74,-194.79,834.84,-156.03,6212,1
900.36,905.05,-184.13,-178.99,852.73,-151.04,6212,1
881.95,902.06,-187.1,-185.64,837.73,-144.49,6212,1
888.71,905.7,-184.63,-181.28,849.04,-148.32,6212,1
885.12,904.58,-193.27,-191.63,842.15,-152.6,6212,1
893.9,913.57,-182.95,-186.16,855.07,-145.08,6212,1
890.45,912.75,-191.86,-195.47,849.48,-151.01,6212,1
894.79,920.23,-180.45,-177.91,860.04,-144.03,6212,1
895.43,919.74,-181.34,-182.25,853.59,-142.85,6212,1
899.87,927.03,-185.18,-185.5,861.86,-146.44,6212,1
889.59,924.35,-192.11,-181.26,850.06,-149.22,6212,1
909.93,933.17,-181.86,-174.44,870.27,-145.48,6212,1
884.2,933.35,-186.47,-186.09,854.11,-151.83,6212,1
912.84,938.67,-184.05,-177.52,870.26,-148.13,6212,1
886.99,934.38,-181.33,-174.29,856.08,-138.47,6212,1
909.46,935.8,-185.77,-184.99,863.81,-150.77,6212,1
888.43,934.28,-180.09,-167.86,851.53,-142.76,6212,1
895.27,934.02,-185.03,-176.81,852.96,-148.17,6212,1
888.78,929.33,-182.56,-169.61,847.91,-148.57,6212,1
908.65,936.19,-189.48,-192.98,864.14,-155.16,6212,1
888.63,934.14,-181.09,-177.51,850.73,-148.31,6212,1
898.66,928.04,-188.07,-194.53,849.77,-153.81,6212,1
876.08,920.96,-179.31,-167.65,835.69,-139.77,6212,1
892.12,919.17,-183.43,-183.19,849.03,-149.5,6212,1
884.85,916.21,-185.18,-181.36,841.02,-145.11,6212,1
885.28,917.2,-183.43,-186.94,846.8,-150.92,6212,1
893.27,914.51,-185.65,-186.0,847.24,-146.83,6212,1
908.79,925.58,-185.61,-173.36,866.79,-147.32,6212,1
882.44,916.93,-182.83,-186.43,848.1,-143.75,6212,1
903.1,925.32,-183.56,-182.63,861.07,-148.27,6212,1
885.45,921.11,-186.58,-187.83,850.58,-149.24,6212,1
903.09,924.28,-181.31,-174.69,862.56,-139.92,6212,1
893.01,926.74,-182.37,-182.02,860.66,-148.56,6212,1
878.84,926.6,-191.15,-186.54,853.0,-156.12,6212,1
908.74,930.96,-184.56,-182.13,869.5,-147.19,6212,1
887.52,930.07,-180.58,-180.39,861.41,-144.38,6212,1
913.01,933.63,-190.21,-192.77,873.96,-152.23,6212,1
914.35,941.51,-182.32,-182.48,880.89,-146.66,6212,1
895.81,940.91,-186.91,-191.2,867.02,-155.52,6212,1
900.14,939.08,-195.53,-197.66,870.15,-161.05,6212,1
894.31,940.17,-188.74,-192.63,864.51,-151.62,6212,1
899.22,942.07,-190.42,-188.18,869.08,-156.29,6212,1
895.06,942.61,-189.39,-188.68,869.4,-153.62,6212,1
909.25,942.61,-189.81,-185.93,877.53,-154.29,6212,1
900.0,941.27,-186.51,-179.65,868.07,-148.8,6212,1
892.02,938.64,-184.41,-186.11,855.29,-152.87,6212,1
890.46,933.98,-182.85,-182.75,849.78,-145.19,6212,1
897.89,930.19,-188.48,-187.95,851.57,-151.89,6212,1
906.7,929.25,-189.92,-188.64,857.62,-150.78,6212,1
904.07,929.5,-180.34,-179.73,859.77,-145.87,6212,1
891.26,929.33,-179.69,-180.83,850.64,-147.13,6212,1
891.38,929.0,-179.76,-180.58,849.87,-141.1,6212,1
890.04,927.97,-148.77,-152.76,847.16,-122.04,6212,1
903.34,923.57,-191.02,-189.84,848.01,-156.48,6212,1
891.72,929.56,-180.6,-176.23,856.17,-145.28,6212,1
889.34,927.32,-182.85,-183.01,855.23,-146.89,6212,1
880.68,929.31,-183.82,-180.35,855.49,-150.59,6212,1
899.25,925.98,-185.35,-176.91,862.54,-149.47,6212,1
880.79,922.42,-180.4,-168.91,852.23,-146.71,6212,1
897.8,929.76,-180.46,-168.78,865.01,-146.02,6212,1
880.01,924.39,-183.58,-172.49,852.05,-148.08,6212,1
898.16,929.19,-188.43,-178.96,869.26,-154.84,6212,1
880.72,924.11,-189.17,-183.89,853.17,-153.51,6212,1
890.81,927.72,-179.53,-177.57,864.18,-144.2,6212,1
891.06,935.31,-185.71,-177.91,858.71,-151.42,6212,1
897.84,951.88,-181.22,-172.2,871.39,-143.67,6212,1
881.84,926.99,-182.54,-176.63,853.52,-144.67,6212,1
897.09,944.72,-181.9,-178.75,866.81,-146.3,6212,1
895.14,936.75,-187.85,-182.97,859.93,-150.32,6212,1
878.8,935.59,-185.81,-175.31,856.28,-150.57,6212,1
897.51,943.37,-181.14,-168.78,867.38,-143.55,6212,1
891.43,940.64,-188.75,-179.57,865.21,-153.75,6212,1
894.68,948.56,-176.9,-171.04,869.69,-141.89,6212,1
871.54,929.66,-185.94,-179.39,852.13,-150.72,6212,1
889.89,935.19,-181.61,-167.58,863.39,-142.59,6212,1
889.9,930.93,-186.37,-178.61,856.62,-149.64,6212,1
893.86,936.43,-179.3,-172.98,860.26,-140.8,6212,1
885.85,921.09,-172.88,-187.91,844.22,-142.39,6212,1
891.47,933.47,-184.24,-170.84,855.42,-140.36,6212,1
883.05,929.12,-184.26,-182.2,847.78,-144.53,6212,1
916.08,940.03,-183.47,-173.56,866.47,-144.77,6212,1
877.24,920.19,-185.74,-171.0,841.05,-145.78,6212,1
912.27,939.9,-202.38,-193.34,865.69,-171.0,6212,1
895.03,923.53,-185.0,-163.18,847.37,-144.99,6212,1
900.97,937.91,-180.84,-159.72,858.29,-143.78,6212,1
895.31,929.13,-181.72,-165.56,849.24,-145.48,6212,1
888.66,929.18,-186.21,-169.11,849.93,-144.32,6212,1
916.99,931.87,-190.52,-189.69,859.16,-148.94,6212,1
917.12,943.15,-188.64,-185.04,868.07,-151.64,6212,1
897.31,940.77,-184.89,-172.64,855.96,-149.51,6212,1
894.8,932.71,-186.37,-172.21,853.84,-147.99,6212,1
893.66,929.18,-184.92,-170.93,848.84,-144.06,6212,1
913.96,944.2,-182.43,-168.14,868.86,-145.56,6212,1
885.76,937.36,-181.19,-163.01,857.17,-145.51,6212,1
917.89,944.65,-178.67,-167.72,873.27,-140.79,6212,1
885.65,944.33,-175.55,-163.21,861.96,-135.75,6212,1
902.97,940.57,-186.08,-169.91,865.41,-148.2,6212,1
875.89,928.75,-184.09,-168.15,848.17,-146.56,6212,1
909.67,939.51,-180.3,-155.6,869.13,-144.7,6212,1
897.37,934.44,-187.28,-162.73,857.28,-148.04,6212,1
890.18,937.62,-181.72,-137.71,860.74,-140.82,6212,1
912.38,939.72,-190.39,-152.89,868.77,-152.79,6212,1
895.95,939.04,-186.29,-146.77,862.32,-143.15,6212,1
886.05,929.93,-179.55,-151.15,853.99,-141.39,6212,1
897.81,936.05,-182.19,-147.43,861.59,-138.87,6212,1
911.28,930.86,-185.34,-155.25,861.75,-143.18,6212,1
889.8,930.2,-191.25,-163.98,856.18,-157.56,6212,1
886.93,923.78,-186.95,-166.36,850.87,-150.83,6212,1
893.05,925.93,-186.34,-161.42,853.9,-145.03,6212,1
909.17,926.42,-192.05,-161.1,858.8,-155.49,6212,1
895.65,932.18,-179.75,-153.09,858.48,-142.0,6212,1
903.56,925.46,-181.55,-152.6,854.33,-141.26,6212,1
901.93,932.85,-183.88,-154.83,861.8,-144.73,6212,1
886.35,921.32,-190.46,-152.72,845.59,-147.0,6212,1
901.86,933.84,-184.19,-147.97,862.18,-144.74,6212,1
887.94,923.09,-178.0,-138.07,847.8,-140.21,6212,1
886.92,929.01,-185.83,-148.8,855.21,-146.07,6212,1
891.38,922.47,-180.25,-138.94,852.38,-142.09,6212,1
876.8,917.68,-187.48,-150.17,844.11,-150.2,6212,1
909.01,930.8,-191.6,-148.66,864.31,-153.33,6212,1
885.15,927.07,-190.44,-141.15,855.26,-152.66,6212,1
911.43,927.77,-190.44,-142.94,863.07,-149.75,6212,1
877.5,923.4,-182.73,-146.83,850.09,-144.37,6212,1
916.02,926.18,-189.48,-147.55,865.55,-151.76,6212,1
876.2,919.45,-184.54,-142.73,845.81,-148.31,6212,1
909.07,927.13,-187.1,-128.12,861.78,-149.09,6212,1
877.69,914.56,-177.8,-100.93,845.36,-138.04,6212,1
905.63,926.85,-178.38,-142.41,863.79,-140.21,6212,1
877.41,918.17,-182.12,-161.08,844.48,-139.67,6212,1
894.25,927.0,-175.48,-173.49,856.69,-137.47,6212,1
874.48,917.41,-179.11,-129.06,839.2,-139.78,6212,1
913.03,924.4,-184.67,-166.99,861.12,-146.14,6212,1
877.83,916.54,-178.03,-110.89,841.0,-136.63,6212,1
912.02,928.33,-183.19,-117.84,860.0,-148.1,6212,1
877.04,916.72,-184.99,-130.46,844.2,-142.05,6212,1
912.75,929.17,-183.43,-125.51,866.81,-145.52,6212,1
880.76,920.52,-181.37,-114.0,848.59,-143.79,6212,1
904.75,925.94,-181.79,-111.52,862.9,-143.2,6212,1
878.65,914.55,-178.48,-109.07,844.89,-143.32,6212,1
895.14,923.85,-178.77,-114.01,858.06,-148.88,6212,1
881.22,914.62,-175.83,-98.2,844.47,-137.77,6212,1
922.01,935.95,-184.66,-117.04,873.14,-146.95,6212,1
908.26,945.58,-177.7,-130.35,873.98,-143.68,6212,1
912.18,949.17,-180.56,-152.93,874.39,-142.65,6212,1
913.7,954.89,-174.64,-123.43,876.12,-140.94,6212,1
910.17,957.62,-181.07,-140.63,873.74,-143.07,6212,1
917.05,956.21,-178.59,-124.26,875.24,-144.36,6212,1
902.15,956.29,-179.5,-133.58,870.16,-140.2,6212,1
910.34,952.22,-180.93,-132.53,868.98,-138.59,6212,1
898.99,948.77,-182.07,-149.54,862.46,-144.2,6212,1
892.12,938.88,-181.22,-149.68,854.4,-142.91,6212,1
889.2,924.3,-183.22,-155.49,846.52,-144.74,6212,1
889.03,930.14,-182.01,-147.58,852.79,-144.04,6212,1
900.83,924.14,-185.07,-143.25,855.19,-146.35,6212,1
887.28,929.28,-185.27,-136.81,856.03,-146.72,6212,1
904.17,925.42,-188.94,-142.97,859.18,-145.99,6212,1
876.14,917.16,-181.84,-148.42,843.6,-143.68,6212,1
900.06,927.27,-181.81,-143.55,859.92,-146.99,6212,1
873.68,918.0,-184.3,-149.89,843.79,-144.67,6212,1
914.09,935.89,-182.68,-152.84,872.06,-141.72,6212,1
911.58,946.94,-181.18,-145.44,874.35,-141.78,6212,1
908.99,948.48,-182.8,-148.15,875.4,-147.88,6212,1
895.97,943.47,-181.26,-152.84,862.54,-143.08,6212,1
901.4,944.37,-183.5,-157.32,863.64,-154.44,6212,1
900.21,943.88,-178.62,-141.77,862.74,-139.83,6212,1
898.93,939.04,-179.92,-147.08,858.27,-142.55,6212,1
905.52,941.91,-175.75,-134.86,863.28,-136.38,6212,1
888.99,936.11,-187.46,-144.21,856.86,-147.77,6212,1
917.23,941.72,-187.82,-151.39,869.52,-150.12,6212,1
901.05,944.44,-191.46,-149.67,866.69,-156.61,6212,1
910.96,946.74,-184.2,-150.17,870.15,-146.66,6212,1
900.32,946.14,-183.06,-144.58,866.12,-148.07,6212,1
900.6,944.49,-186.77,-138.99,864.03,-144.91,6212,1
889.24,936.32,-184.34,-140.47,854.8,-145.54,6212,1
887.03,926.6,-184.65,-142.62,848.96,-144.25,6212,1
888.87,917.59,-182.0,-141.44,845.74,-146.44,6212,1
900.86,930.32,-181.11,-140.69,860.3,-145.12,6212,1
882.71,926.76,-182.44,-145.46,848.83,-140.49,6212,1
901.38,929.54,-185.15,-137.74,856.98,-146.54,6212,1
881.12,918.66,-188.82,-144.55,841.98,-148.49,6212,1
888.72,924.93,-181.38,-135.59,850.37,-142.42,6212,1
898.7,920.23,-188.32,-141.35,851.31,-151.22,6212,1
890.77,931.55,-182.68,-148.86,853.14,-144.56,6212,1
891.32,926.59,-197.76,-156.63,850.51,-151.35,6212,1
886.09,933.86,-184.48,-155.59,856.15,-151.35,6212,1
888.95,930.29,-192.65,-163.12,855.47,-151.35,6212,1
877.97,924.24,-185.26,-155.6,848.66,-151.35,6212,1
911.52,937.74,-187.56,-153.66,870.62,-151.35,6212,1
878.79,933.33,-186.23,-153.66,856.76,-151.35,6212,1
909.85,943.31,-187.84,-153.66,871.68,-151.35,6212,1
884.6,940.03,-186.78,-153.66,860.0,-151.35,6212,1
893.87,938.09,-193.16,-173.51,861.86,-151.35,6212,1
877.59,923.44,-191.13,-164.5,846.87,-151.35,6212,1
890.15,931.01,-189.79,-166.58,857.51,-159.97,6212,1
893.74,921.89,-196.03,-175.57,853.39,-158.17,6212,1
895.78,934.41,-189.91,-156.89,864.27,-156.66,6212,1
896.38,928.58,-193.54,-171.27,857.17,-165.87,6212,1
881.43,931.88,-188.63,-166.85,854.57,-156.3,6212,1
916.42,937.97,-183.38,-159.1,870.98,-147.15,6212,1
877.65,932.34,-189.58,-165.72,851.25,-158.29,6212,1
903.79,932.29,-188.68,-165.12,861.24,-152.27,6212,1
875.35,919.96,-190.82,-167.63,843.99,-156.47,6212,1
900.65,932.7,-182.26,-160.71,859.56,-149.92,6212,1
889.6,922.74,-190.11,-160.09,845.99,-159.4,6212,1
885.02,928.41,-190.08,-163.14,850.8,-152.19,6212,1
894.15,918.61,-190.55,-160.2,847.14,-156.28,6212,1
882.52,920.78,-181.87,-147.68,845.23,-149.07,6212,1
892.4,917.42,-196.11,-156.64,848.56,-161.83,6212,1
885.12,921.23,-186.2,-161.89,848.62,-157.35,6212,1
882.47,915.2,-190.86,-165.83,844.27,-154.67,6212,1
898.49,925.64,-190.35,-169.49,855.84,-157.17,6212,1
875.87,915.12,-194.78,-172.13,841.46,-163.4,6212,1
895.65,924.42,-189.45,-161.78,854.66,-151.68,6212,1
875.74,912.23,-190.21,-166.41,840.76,-157.06,6212,1
894.59,921.77,-188.94,-168.2,851.77,-160.92,6212,1
874.58,916.12,-186.42,-167.13,840.95,-150.46,6212,1
900.31,916.41,-186.87,-169.41,849.56,-154.57,6212,1
872.25,913.64,-189.56,-166.01,838.59,-155.38,6212,1
909.35,919.72,-187.09,-162.73,856.4,-153.61,6212,1
873.28,914.16,-187.48,-157.97,841.98,-152.41,6212,1
912.66,930.72,-188.56,-160.78,863.51,-150.29,6212,1
892.61,919.95,-192.19,-166.61,849.0,-158.43,6212,1
879.02,922.9,-185.97,-161.0,846.27,-151.61,6212,1
920.08,930.72,-188.5,-171.55,864.43,-156.5,6212,1
880.97,927.33,-189.98,-169.47,849.47,-156.01,6212,1
902.06,922.61,-192.57,-175.67,856.41,-162.0,6212,1
885.03,923.72,-190.66,-170.26,850.75,-162.01,6212,1
883.24,916.66,-190.03,-156.92,842.85,-154.23,6212,1
893.24,927.3,-192.07,-168.25,856.18,-159.91,6212,1
878.87,916.2,-193.85,-164.3,842.96,-157.94,6212,1
919.97,931.29,-190.0,-171.24,868.93,-155.1,6212,1
891.29,932.7,-190.94,-167.53,860.21,-159.37,6212,1
889.36,924.25,-191.2,-166.37,852.63,-155.26,6212,1
887.31,926.64,-188.1,-160.91,857.19,-152.06,6212,1
893.11,927.59,-186.73,-159.29,856.21,-154.97,6212,1
878.2,920.6,-184.09,-149.56,846.3,-154.26,6212,1
906.76,930.18,-187.01,-156.77,863.68,-153.85,6212,1
883.31,927.14,-187.33,-159.62,851.91,-155.07,6212,1
915.22,928.05,-192.1,-164.08,862.67,-159.05,6212,1
881.07,927.53,-191.43,-162.62,850.11,-158.39,6212,1
908.82,928.07,-191.13,-157.96,862.74,-157.99,6212,1
881.9,918.95,-187.4,-158.39,846.73,-149.32,6212,1
882.8,922.25,-187.0,-159.03,851.99,-154.91,6212,1
892.62,916.97,-191.09,-157.48,851.05,-153.75,6212,1
881.18,923.22,-183.47,-144.74,852.98,-153.49,6212,1
894.97,920.96,-189.52,-155.56,855.87,-155.39,6212,1
882.13,923.5,-185.97,-152.16,851.69,-152.91,6212,1
898.91,924.2,-186.04,-159.47,856.56,-155.88,6212,1
886.45,916.8,-187.48,-156.3,848.58,-154.01,6212,1
868.58,911.96,-187.53,-158.52,841.74,-152.75,6212,1
893.84,920.04,-181.63,-154.82,856.38,-149.29,6212,1
888.78,914.59,-189.08,-164.57,847.15,-157.62,6212,1
875.26,915.18,-182.81,-156.06,844.08,-148.28,6212,1
904.87,919.49,-182.67,-156.99,858.0,-155.07,6212,1
874.19,908.72,-184.85,-154.17,841.93,-151.53,6212,1
910.35,920.55,-183.5,-151.19,863.52,-151.73,6212,1
875.18,916.19,-185.79,-149.07,847.41,-154.73,6212,1
905.08,921.59,-182.15,-151.22,862.27,-151.83,6212,1
873.51,915.73,-185.38,-158.38,846.38,-153.86,6212,1
887.46,911.82,-184.74,-155.89,851.38,-154.1,6212,1
870.7,910.31,-184.15,-160.43,845.99,-151.04,6212,1
903.43,915.91,-182.12,-159.21,858.99,-150.82,6212,1
876.76,915.49,-181.08,-161.58,848.73,-149.66,6212,1
907.82,924.2,-182.06,-156.27,863.04,-146.11,6212,1
881.32,916.27,-185.29,-160.09,846.48,-154.14,6212,1
884.78,924.25,-179.79,-151.55,854.19,-148.2,6212,1
902.83,923.11,-186.34,-154.09,858.65,-149.64,6212,1
872.39,913.87,-182.44,-146.86,844.39,-151.21,6212,1
897.81,920.41,-185.92,-161.11,857.89,-150.91,6212,1
870.65,912.15,-184.47,-150.31,844.2,-145.19,6213,1
903.31,921.62,-180.12,-159.31,859.83,-149.19,6213,1
874.25,910.39,-179.89,-153.4,842.79,-146.37,6213,1
877.49,915.23,-182.05,-152.02,848.39,-146.56,6213,1
903.83,918.35,-182.15,-158.19,857.54,-151.6,6213,1
876.48,909.39,-185.23,-156.45,841.65,-154.22,6213,1
891.21,914.14,-180.29,-151.79,853.06,-147.68,6213,1
880.51,904.78,-182.48,-163.97,841.52,-149.17,6213,1
888.55,915.01,-180.86,-153.77,851.81,-143.49,6213,1
880.87,902.61,-190.52,-158.13,841.2,-157.59,6213,1
882.53,912.55,-183.3,-163.97,848.79,-146.9,6213,1
885.13,907.1,-189.92,-169.55,846.6,-156.78,6213,1
881.25,912.86,-186.18,-163.6,848.49,-148.0,6213,1
877.78,903.06,-188.27,-176.68,842.55,-152.34,6213,1
887.76,909.41,-183.19,-176.52,850.28,-153.48,6213,1
879.07,909.33,-184.06,-171.44,844.28,-148.06,6213,1
888.75,908.84,-183.16,-167.93,850.12,-150.9,6213,1
874.12,906.67,-189.04,-177.69,840.74,-155.46,6213,1
887.97,911.54,-190.42,-171.16,849.76,-151.03,6213,1
870.3,905.89,-189.29,-178.4,835.7,-154.38,6213,1
883.7,908.34,-188.05,-173.72,845.36,-153.99,6213,1
889.5,919.52,-189.84,-179.85,852.52,-157.77,6213,1
873.35,900.89,-183.75,-171.23,839.74,-151.0,6213,1
898.73,917.72,-190.15,-175.8,854.99,-160.03,6213,1
870.44,897.07,-189.15,-170.99,835.65,-154.82,6213,1
900.86,918.69,-187.63,-174.12,855.4,-158.81,6213,1
871.69,903.14,-188.23,-176.41,838.09,-154.31,6213,1
891.86,919.6,-191.6,-181.71,851.39,-157.06,6213,1
873.12,902.83,-189.08,-173.49,838.73,-156.13,6213,1
892.68,924.11,-189.17,-174.95,853.32,-158.23,6213,1
880.79,906.85,-186.71,-178.13,841.72,-155.21,6213,1
874.31,912.74,-186.62,-169.81,842.24,-155.02,6213,1
883.89,913.04,-184.8,-169.04,844.38,-151.08,6213,1
884.18,925.43,-184.29,-169.86,851.35,-149.44,6213,1
879.85,910.9,-189.58,-171.79,844.67,-156.44,6213,1
873.93,916.11,-185.24,-161.14,844.37,-154.36,6213,1
888.43,918.68,-191.82,-168.27,850.45,-155.79,6213,1
872.05,908.97,-185.52,-164.84,841.05,-150.49,6213,1
892.47,925.87,-180.89,-162.33,855.31,-144.94,6213,1
871.5,910.62,-186.74,-174.96,842.1,-150.86,6213,1
888.57,930.37,-184.45,-167.44,857.59,-157.99,6213,1
870.99,904.58,-186.2,-164.38,841.15,-147.04,6213,1
887.61,923.46,-182.9,-167.9,854.15,-151.75,6213,1
872.91,905.69,-182.84,-166.63,842.41,-149.25,6213,1
884.32,922.58,-181.96,-170.55,851.3,-153.48,6213,1
871.87,904.24,-185.73,-165.7,842.3,-151.57,6213,1
887.66,922.56,-184.57,-175.43,854.0,-149.39,6213,1
867.67,904.1,-183.52,-168.22,839.65,-147.94,6213,1
885.33,919.36,-189.25,-173.17,849.54,-156.31,6213,1
879.33,915.42,-188.59,-175.29,848.38,-157.13,6213,1
886.79,928.14,-186.95,-169.17,854.97,-152.14,6213,1
881.06,911.55,-186.62,-174.84,844.41,-155.06,6213,1
881.19,922.26,-182.38,-166.26,848.91,-150.33,6213,1
896.3,922.05,-187.65,-173.39,852.4,-155.87,6213,1
875.78,910.54,-179.93,-159.53,843.25,-143.67,6213,1
886.44,919.65,-185.22,-163.23,852.97,-154.34,6213,1
895.69,925.73,-184.74,-164.36,857.13,-154.1,6213,1
873.15,906.42,-183.83,-168.92,840.64,-151.15,6213,1
903.09,930.35,-186.22,-161.24,861.79,-155.36,6213,1
879.13,906.0,-188.41,-161.74,841.86,-152.97,6213,1
887.3,919.45,-189.27,-173.66,852.38,-159.74,6213,1
880.77,905.84,-179.28,-165.53,842.72,-143.0,6213,1
874.1,908.98,-186.21,-168.35,841.74,-150.85,6213,1
892.33,919.57,-187.79,-165.99,850.82,-153.27,6213,1
883.2,907.83,-185.09,-167.88,843.31,-150.57,6213,1
881.67,915.24,-179.5,-157.39,849.36,-144.54,6213,1
800.05,844.06,-87.79,-90.94,778.81,-64.97,6213,-1
909.47,897.36,-79.87,-92.26,841.75,-62.74,6213,1
895.68,935.48,-82.56,-85.05,853.94,-68.29,6213,1
910.73,900.23,-105.15,-104.13,848.56,-84.33,6213,1
921.1,908.25,-116.7,-103.82,848.24,-93.53,6213,1
920.0,943.9,-149.21,-124.49,863.19,-118.14,6213,1
889.47,909.37,-159.96,-140.22,845.36,-121.46,6213,1
995.39,972.43,-175.79,-160.83,928.06,-133.55,6213,1
972.6,996.36,-167.49,-152.36,924.32,-133.75,6213,1
880.74,926.21,-172.26,-147.27,857.59,-129.15,6213,1
906.03,936.1,-168.82,-137.24,866.96,-135.92,6213,1
890.46,915.07,-171.79,-145.21,852.3,-141.71,6213,1
888.1,929.04,-171.74,-148.79,863.28,-138.15,6213,1
894.74,920.68,-177.13,-146.41,862.27,-142.15,6213,1
885.66,928.31,-175.76,-154.57,866.52,-147.1,6213,1
906.11,932.98,-176.79,-153.61,875.04,-145.52,6213,1
883.33,907.48,-178.26,-147.64,854.81,-144.71,6213,1
889.79,927.71,-178.03,-148.78,867.63,-146.84,6213,1
898.24,917.46,-179.67,-152.34,861.91,-144.76,6213,1
883.37,921.01,-181.4,-149.28,860.69,-150.4,6213,1
895.85,910.77,-184.51,-151.24,855.64,-149.88,6213,1
888.16,925.77,-182.24,-146.24,861.81,-149.84,6213,1
885.83,905.83,-188.36,-161.74,850.93,-148.38,6213,1
882.98,918.6,-180.89,-149.35,858.6,-148.97,6213,1
895.92,918.6,-183.89,-155.04,861.67,-155.82,6213,1
869.78,904.9,-185.48,-161.63,847.54,-152.11,6213,1
887.31,911.68,-189.41,-161.63,858.02,-160.28,6213,1
885.74,922.52,-190.54,-161.63,864.38,-164.46,6213,1
892.8,912.59,-188.89,-163.75,860.15,-153.47,6213,1
872.63,907.93,-187.36,-165.66,851.62,-151.62,6213,1
902.43,918.97,-191.87,-176.85,865.43,-162.92,6213,1
870.48,903.5,-186.42,-165.47,850.28,-152.06,6213,1
901.28,926.53,-195.74,-178.09,868.56,-162.27,6213,1
871.01,904.74,-188.64,-174.44,848.17,-153.52,6213,1
881.73,912.04,-187.75,-175.8,856.91,-154.49,6213,1
894.3,923.02,-193.67,-177.28,864.99,-160.92,6213,1
876.29,907.2,-190.58,-167.21,854.09,-154.8,6213,1
905.97,929.61,-196.12,-178.4,872.81,-167.33,6213,1
877.78,909.4,-192.25,-173.54,853.24,-161.37,6213,1
901.56,934.08,-190.42,-169.87,872.31,-160.47,6213,1
893.18,913.1,-195.21,-176.75,856.37,-164.03,6213,1
880.28,918.32,-185.68,-160.99,854.01,-151.95,6213,1
900.99,932.09,-189.3,-164.82,864.93,-154.38,6213,1
888.65,916.39,-198.12,-163.81,852.0,-163.5,6213,1
885.63,925.75,-192.05,-170.86,858.02,-158.84,6213,1
912.03,930.87,-189.18,-164.18,866.39,-157.91,6213,1
871.75,907.4,-192.42,-164.88,841.24,-155.75,6213,1
918.57,942.03,-184.4,-163.56,872.45,-148.28,6213,1
885.51,927.03,-187.89,-166.27,854.19,-152.53,6213,1
908.49,940.64,-185.53,-164.33,867.77,-155.38,6213,1
885.01,926.23,-192.42,-167.36,854.87,-158.2,6213,1
927.06,933.72,-196.38,-172.78,870.83,-164.02,6213,1
891.49,935.41,-191.64,-164.5,861.39,-159.12,6213,1
906.56,930.67,-192.07,-160.44,861.52,-156.06,6213,1
889.84,933.15,-188.63,-162.12,857.98,-157.56,6213,1
932.03,941.8,-194.24,-167.5,874.96,-160.01,6213,1
887.69,931.94,-185.51,-141.28,857.65,-150.33,6213,1
931.53,945.65,-192.71,-155.08,878.45,-160.83,6213,1
885.16,924.39,-192.32,-157.32,854.85,-156.21,6213,1
928.7,942.19,-194.37,-160.09,879.06,-157.31,6213,1
879.03,920.44,-191.78,-159.84,857.19,-151.51,6213,1
933.41,944.78,-189.43,-165.25,883.96,-157.38,6213,1
887.31,929.92,-190.81,-164.79,862.1,-153.79,6213,1
918.85,935.73,-192.57,-166.58,873.62,-154.87,6213,1
887.44,930.38,-187.4,-156.91,863.13,-151.22,6213,1
927.27,935.63,-193.24,-170.73,877.99,-155.2,6213,1
884.8,925.87,-190.45,-160.09,861.57,-154.9,6213,1
916.59,942.12,-193.1,-161.67,879.8,-158.65,6213,1
879.79,917.68,-188.45,-157.03,856.27,-150.23,6213,1
914.67,942.14,-188.41,-164.55,880.28,-153.34,6213,1
